{
  "2017-9": 664219.4300000111,
  "2018-6": 895507.2200000191,
  "2018-7": 854686.3300000204,
  "2017-10": 1010271.3700000284,
  "2018-1": 844178.7100000231,
  "2017-6": 498031.48000000865,
  "2017-3": 359927.23,
  "2017-4": 506071.14000000595,
  "2017-0": 120312.86999999975,
  "2018-5": 865124.3100000181,
  "2018-2": 983213.4400000272,
  "2018-0": 950030.3600000315,
  "2017-11": 743914.1700000167,
  "2017-8": 624401.690000012,
  "2018-4": 996517.6800000255,
  "2017-7": 573971.6800000106,
  "2018-3": 996647.7500000244,
  "2017-2": 374344.3000000021,
  "2017-5": 433038.60000000324,
  "2017-1": 247303.0199999962,
  "2016-9": 49507.660000000105,
  "2018-8": 145,
  "2016-8": 267.36,
  "2018-9": 0,
  "2016-11": 10.9
}
