{"1":4.524409448818898,"2":4.488243430152144,"3":4.424913693901035,"4":4.449333333333334,"5":4.402351156617368,"6":4.383230769230769,"7":4.375184836671596,"8":4.362492933860938,"9":4.32912,"10":4.293231781201316,"11":4.293916349809886,"12":4.276477832512315,"13":4.270029011381388,"14":4.213333333333333,"15":4.209225203497136,"16":4.178008595988539,"17":4.091902834008097,"18":4.0651204281891165,"19":4.094650205761317,"20":4.055869074492099,"21":3.973315543695797,"22":3.8612759643916914,"23":3.689373297002725,"24":3.7075180226570548,"25":3.5182648401826486,"26":3.526390870185449,"27":3.3073463268365817,"28":3.1616666666666666,"29":3.1181988742964353,"30":3.0445544554455446,"31":2.709756097560976,"32":2.7181008902077153,"33":2.6098360655737705,"34":2.5172413793103448,"35":2.366412213740458,"36":2.2962962962962963,"37":2.0531914893617023,"38":1.9304812834224598,"39":2.315068493150685,"40":1.9379310344827587,"41":1.9568345323741008,"42":2.103448275862069,"43":1.9166666666666667,"44":1.9438202247191012,"45":1.644859813084112,"46":1.7019230769230769,"47":1.5070422535211268,"48":1.5671641791044777,"49":1.5384615384615385}